{
	"IcoMoonType": "selection",
	"icons": [
		{
			"icon": {
				"paths": [
					"M902.448 751.95l-33.083 33.083-245.365-210.314-107.52 92.16-107.52-92.16-245.365 210.314-33.083-33.083 242.609-207.95-242.609-207.95 33.083-33.083 352.885 302.474 352.885-302.474 33.083 33.083-242.609 207.95 242.609 207.95zM86.547 216.32c-45.325 0-82.067 36.639-82.067 81.677v492.006c0 45.108 36.444 81.677 82.067 81.677h859.865c45.325 0 82.067-36.639 82.067-81.677v-492.006c0-45.108-36.444-81.677-82.067-81.677h-859.865z"
				],
				"attrs": [],
				"isMulticolor": false,
				"tags": [
					"mail-envelope-closed"
				],
				"grid": 16
			},
			"attrs": [],
			"properties": {
				"order": 1,
				"id": 0,
				"prevSize": 16,
				"code": 59648,
				"name": "envelope"
			},
			"setIdx": 0,
			"setId": 2,
			"iconIdx": 0
		},
		{
			"icon": {
				"paths": [
					"M1024 226.4c-37.6 16.8-78.2 28-120.6 33 43.4-26 76.6-67.2 92.4-116.2-40.6 24-85.6 41.6-133.4 51-38.4-40.8-93-66.2-153.4-66.2-116 0-210 94-210 210 0 16.4 1.8 32.4 5.4 47.8-174.6-8.8-329.4-92.4-433-219.6-18 31-28.4 67.2-28.4 105.6 0 72.8 37 137.2 93.4 174.8-34.4-1-66.8-10.6-95.2-26.2 0 0.8 0 1.8 0 2.6 0 101.8 72.4 186.8 168.6 206-17.6 4.8-36.2 7.4-55.4 7.4-13.6 0-26.6-1.4-39.6-3.8 26.8 83.4 104.4 144.2 196.2 146-72 56.4-162.4 90-261 90-17 0-33.6-1-50.2-3 93.2 59.8 203.6 94.4 322.2 94.4 386.4 0 597.8-320.2 597.8-597.8 0-9.2-0.2-18.2-0.6-27.2 41-29.4 76.6-66.4 104.8-108.6z"
				],
				"attrs": [],
				"isMulticolor": false,
				"tags": [
					"twitter",
					"brand",
					"tweet",
					"social"
				],
				"grid": 16
			},
			"attrs": [],
			"properties": {
				"order": 2,
				"prevSize": 16,
				"ligatures": "twitter, brand16",
				"name": "twitter",
				"id": 407,
				"code": 59650
			},
			"setIdx": 2,
			"setId": 0,
			"iconIdx": 406
		},
		{
			"icon": {
				"paths": [
					"M374.154 339.692h190.73v97.765h2.727c26.535-47.594 91.493-97.765 188.291-97.765 201.326 0 238.56 125.328 238.56 288.329v331.979h-198.811v-294.299c0-70.198-1.437-160.49-103.415-160.49-103.544 0-119.345 76.446-119.345 155.391v299.398h-198.738v-620.308z",
					"M29.538 339.692h206.769v620.308h-206.769v-620.308z",
					"M236.308 167.385c0 57.097-46.287 103.385-103.385 103.385s-103.385-46.287-103.385-103.385c0-57.097 46.287-103.385 103.385-103.385s103.385 46.287 103.385 103.385z"
				],
				"attrs": [],
				"isMulticolor": false,
				"tags": [
					"linkedin",
					"brand",
					"social"
				],
				"grid": 16
			},
			"attrs": [],
			"properties": {
				"order": 3,
				"prevSize": 16,
				"ligatures": "linkedin2, brand65",
				"name": "linkedin",
				"id": 459,
				"code": 59651
			},
			"setIdx": 2,
			"setId": 0,
			"iconIdx": 458
		}
	],
	"height": 1024,
	"metadata": {
		"name": "icomoon"
	},
	"preferences": {
		"showGlyphs": true,
		"showQuickUse": true,
		"showQuickUse2": true,
		"showSVGs": true,
		"fontPref": {
			"prefix": "icon-",
			"metadata": {
				"fontFamily": "icomoon"
			},
			"metrics": {
				"emSize": 1024,
				"baseline": 6.25,
				"whitespace": 50
			},
			"embed": false
		},
		"imagePref": {
			"prefix": "icon-",
			"png": true,
			"useClassSelector": true,
			"color": 0,
			"bgColor": 16777215,
			"classSelector": ".icon"
		},
		"historySize": 100,
		"showCodes": true,
		"gridSize": 16
	}
}